centre,year,csi_total,csi_nonviolent,clearance_rate_nonviolent,csi_total_pct_change,csi_nonviolent_pct_change,clearance_rate_nonviolent_pct_change,csi_violent_pct_change,clearance_rate_violent_pct_change,clearance_rate_pct_change,csi_violent,clearance_rate_violent,clearance_rate
Calgary CMA,2020,79.96,79.88,22.06,-15.02,-17.52,0.41,-7.16,8.35,5.51,79.64,47.24,28.7
Calgary CMA,2021,72.78,68.76,23.42,-8.98,-13.92,6.17,5.96,-5.91,5.71,84.39,44.45,30.34
Calgary CMA,2022,77.48,76.6,23.7,6.46,11.4,1.2,-3.63,6.59,1.38,81.33,47.38,30.76
Calgary CMA,2023,72.66,68.38,27.02,-6.22,-10.73,14.01,4.39,-3.36,8.06,84.9,45.79,33.24
Calgary CMA,2024,63.29,57.64,27.22,-12.9,-15.71,0.74,-7.21,7.62,5.32,78.78,49.28,35.01
Edmonton CMA,2020,105.68,103.07,28.7,-8.8,-12.32,-4.68,1.58,3.6,0.26,112.24,52.44,35.38
Edmonton CMA,2021,97.4,92.05,28.89,-7.83,-10.69,0.66,0.52,-4.18,1.53,112.82,50.25,35.92
Edmonton CMA,2022,101.99,98.9,26.69,4.71,7.44,-7.62,-0.82,-1.79,-6.04,111.89,49.35,33.75
Edmonton CMA,2023,106.52,102.45,24.25,4.44,3.59,-9.14,6.29,-1.5,-5.27,118.93,48.61,31.97
Edmonton CMA,2024,102.61,101.26,23.8,-3.67,-1.16,-1.86,-9.06,-0.19,-2.44,108.16,48.52,31.19
Halifax CMA,2020,62.3,53.96,22.11,2.05,2.72,-21.6,0.84,16.54,-3.49,85.07,53.61,33.51
Halifax CMA,2021,66.93,54.73,19.96,7.43,1.43,-9.72,16.22,-23.71,-14.23,98.87,40.9,28.74
Halifax CMA,2022,73.08,61.3,20.04,9.19,12.0,0.4,5.3,-3.4,-2.89,104.11,39.51,27.91
Halifax CMA,2023,71.83,62.09,19.54,-1.71,1.29,-2.5,-6.12,27.23,12.54,97.74,50.27,31.41
Halifax CMA,2024,73.29,65.92,19.41,2.03,6.17,-0.67,-4.55,-1.01,-3.31,93.29,49.76,30.37
Hamilton CMA,2020,55.32,47.63,32.54,-7.34,-12.81,6.1,3.99,-4.42,3.35,76.35,55.08,40.78
Hamilton CMA,2021,56.8,49.89,32.1,2.68,4.74,-1.35,-1.39,19.34,9.74,75.29,65.73,44.75
Hamilton CMA,2022,56.56,51.06,27.04,-0.42,2.35,-15.76,-4.99,-20.63,-19.42,71.53,52.17,36.06
Hamilton CMA,2023,59.39,54.2,24.97,5.0,6.15,-7.66,2.95,-0.27,-4.35,73.64,52.03,34.49
Hamilton CMA,2024,58.7,53.48,25.22,-1.16,-1.33,1.0,-0.84,-0.75,0.17,73.02,51.64,34.55
Kelowna CMA,2020,114.14,120.49,22.57,-5.02,-9.71,1.9,16.1,-15.82,-1.3,95.76,37.08,25.8
Kelowna CMA,2021,121.25,128.98,19.07,6.23,7.05,-15.51,9.11,12.59,-4.61,104.48,41.75,24.61
Kelowna CMA,2022,126.03,135.18,17.61,3.94,4.81,-7.66,1.25,-4.55,-6.91,105.79,39.85,22.91
Kelowna CMA,2023,119.56,125.13,17.73,-5.13,-7.43,0.68,2.21,-3.26,0.7,108.13,38.55,23.07
Kelowna CMA,2024,107.49,108.87,20.95,-10.1,-12.99,18.16,-1.69,-8.98,8.02,106.3,35.09,24.92
Kitchener-Cambridge-Waterloo CMA,2020,74.94,71.15,24.15,2.01,4.43,-14.03,-3.19,5.29,-6.61,85.01,53.38,32.93
Kitchener-Cambridge-Waterloo CMA,2021,76.26,73.53,23.12,1.76,3.35,-4.27,-0.38,-16.05,-9.02,84.69,44.81,29.96
Kitchener-Cambridge-Waterloo CMA,2022,78.87,71.87,22.6,3.42,-2.26,-2.25,15.76,-0.07,1.54,98.04,44.78,30.42
Kitchener-Cambridge-Waterloo CMA,2023,75.81,69.66,24.04,-3.88,-3.07,6.37,-5.33,-2.05,1.68,92.81,43.86,30.93
Kitchener-Cambridge-Waterloo CMA,2024,73.13,66.48,24.79,-3.54,-4.57,3.12,-1.61,3.37,3.72,91.32,45.34,32.08
London CMA,2020,73.76,75.71,23.21,-1.75,-3.99,-9.93,5.95,-10.65,-8.36,67.86,60.64,32.34
London CMA,2021,78.57,73.77,23.31,6.52,-2.56,0.43,35.93,-6.55,6.46,92.24,56.67,34.43
London CMA,2022,74.68,70.86,22.91,-4.95,-3.94,-1.72,-6.96,-6.79,-5.11,85.82,52.82,32.67
London CMA,2023,64.8,59.89,24.7,-13.23,-15.48,7.81,-8.58,22.45,17.66,78.46,64.68,38.44
London CMA,2024,61.26,55.76,27.13,-5.46,-6.9,9.84,-2.73,-4.72,2.32,76.32,61.63,39.33
Montréal CMA,2020,53.01,45.56,23.95,-8.38,-10.89,-4.31,-3.65,0.35,0.08,73.39,60.7,37.43
Montréal CMA,2021,59.34,50.56,21.29,11.94,10.97,-11.11,12.48,-8.68,-7.11,82.55,55.43,34.77
Montréal CMA,2022,61.88,51.79,21.83,4.28,2.43,2.54,7.1,-0.87,1.41,88.41,54.95,35.26
Montréal CMA,2023,64.09,53.88,23.71,3.57,4.04,8.61,2.91,-1.6,1.93,90.98,54.07,35.94
Montréal CMA,2024,64.43,53.19,24.63,0.53,-1.28,3.88,3.21,1.28,3.2,93.9,54.76,37.09
Ottawa-Gatineau CMA (Ont. part),2020,47.27,44.21,27.82,-17.0,-15.71,-4.04,-19.72,3.9,-1.14,55.46,52.76,35.58
Ottawa-Gatineau CMA (Ont. part),2021,46.85,41.23,26.25,-0.89,-6.74,-5.64,11.61,-7.75,-2.59,61.9,48.67,34.66
Ottawa-Gatineau CMA (Ont. part),2022,52.15,47.56,25.38,11.31,15.35,-3.31,4.59,5.51,-0.38,64.74,51.35,34.53
Ottawa-Gatineau CMA (Ont. part),2023,54.2,50.22,24.79,3.93,5.59,-2.32,0.86,-2.65,-3.24,65.3,49.99,33.41
Ottawa-Gatineau CMA (Ont. part),2024,54.12,49.36,22.0,-0.15,-1.71,-11.25,2.86,4.08,-2.48,67.17,52.03,32.58
Ottawa-Gatineau CMA (Qué. part),2020,51.07,42.81,34.03,-7.82,-14.04,-6.46,4.39,-3.85,-2.24,73.7,64.72,45.77
Ottawa-Gatineau CMA (Qué. part),2021,49.91,41.38,33.18,-2.27,-3.34,-2.5,-1.89,1.05,1.44,72.31,65.4,46.43
Ottawa-Gatineau CMA (Qué. part),2022,59.94,50.13,31.7,20.1,21.15,-4.46,18.59,-2.19,-3.51,85.75,63.97,44.8
Ottawa-Gatineau CMA (Qué. part),2023,61.96,50.98,32.31,3.37,1.7,1.92,5.81,-1.92,0.36,90.73,62.74,44.96
Ottawa-Gatineau CMA (Qué. part),2024,61.56,49.57,32.17,-0.65,-2.77,-0.43,2.35,-3.19,-1.25,92.86,60.74,44.4
Québec CMA,2020,41.72,36.28,29.1,-4.44,-6.28,-9.66,-0.96,-0.74,-4.18,56.58,61.74,40.83
Québec CMA,2021,42.77,36.11,28.17,2.52,-0.47,-3.2,6.66,-6.62,-2.08,60.35,57.65,39.98
Québec CMA,2022,47.45,39.35,27.26,10.94,8.97,-3.23,13.85,-1.53,-1.48,68.71,56.77,39.39
Québec CMA,2023,53.82,44.35,27.97,13.42,12.71,2.6,14.44,-0.76,0.86,78.63,56.34,39.73
Québec CMA,2024,55.54,46.3,29.14,3.2,4.4,4.18,1.56,-0.04,1.28,79.86,56.32,40.24
Regina CMA,2020,106.96,98.27,33.71,-19.64,-25.41,7.7,-4.11,2.15,9.15,130.4,61.89,42.82
Regina CMA,2021,115.47,103.61,30.27,7.96,5.43,-10.2,13.16,4.86,0.02,147.56,64.9,42.83
Regina CMA,2022,111.17,106.35,25.94,-3.72,2.64,-14.3,-14.9,-9.21,-14.73,125.57,58.92,36.52
Regina CMA,2023,112.73,101.44,29.4,1.4,-4.62,13.34,14.15,4.36,12.21,143.34,61.49,40.98
Regina CMA,2024,99.63,88.96,30.51,-11.62,-12.3,3.78,-10.39,-3.92,-0.05,128.44,59.08,40.96
Saskatoon CMA,2020,108.25,102.55,31.05,-9.77,-9.04,4.62,-11.42,-2.3,1.43,123.38,47.92,36.15
Saskatoon CMA,2021,108.37,102.63,31.84,0.11,0.08,2.54,1.33,-10.1,-1.74,125.02,43.08,35.52
Saskatoon CMA,2022,117.04,109.82,29.72,8.0,7.01,-6.66,10.05,15.48,2.48,137.58,49.75,36.4
Saskatoon CMA,2023,117.13,109.49,31.9,0.08,-0.3,7.34,0.84,-10.33,-0.63,138.74,44.61,36.17
Saskatoon CMA,2024,106.33,93.06,33.25,-9.22,-15.01,4.23,2.18,3.07,5.25,141.77,45.98,38.07
Toronto CMA,2020,46.65,39.26,27.56,-14.34,-14.17,-1.11,-14.64,4.39,1.8,66.88,56.06,38.39
Toronto CMA,2021,45.91,38.31,25.95,-1.59,-2.42,-5.84,-1.45,2.55,1.07,65.91,57.49,38.8
Toronto CMA,2022,52.78,43.79,22.46,14.96,14.3,-13.45,15.87,-1.88,-6.19,76.37,56.41,36.4
Toronto CMA,2023,59.05,51.69,20.44,11.88,18.04,-8.99,3.05,-6.08,-10.03,78.7,52.98,32.75
Toronto CMA,2024,59.43,50.53,21.2,0.64,-2.24,3.72,5.4,-3.61,0.89,82.95,51.07,33.04
Vancouver CMA,2020,88.51,92.33,16.31,-7.04,-7.89,-3.43,-4.11,4.01,0.45,77.3,43.03,22.49
Vancouver CMA,2021,86.88,90.44,15.38,-1.84,-2.05,-5.7,3.26,-11.29,-5.2,79.82,38.17,21.32
Vancouver CMA,2022,92.33,95.8,12.07,6.27,5.93,-21.52,7.23,3.51,-9.52,85.59,39.51,19.29
Vancouver CMA,2023,88.94,93.42,11.99,-3.67,-2.48,-0.66,-6.98,-8.1,-5.81,79.62,36.31,18.17
Vancouver CMA,2024,82.29,85.21,12.68,-7.48,-8.79,5.75,-3.63,-4.27,1.98,76.73,34.76,18.53
Victoria CMA,2020,75.85,76.47,18.77,2.89,-0.44,-1.73,13.87,-11.51,-3.63,73.62,42.82,24.96
Victoria CMA,2021,72.72,69.21,20.67,-4.13,-9.49,10.12,12.78,-2.06,10.42,83.03,41.94,27.56
Victoria CMA,2022,74.92,69.2,18.57,3.03,-0.01,-10.16,9.39,10.3,1.96,90.83,46.26,28.1
Victoria CMA,2023,80.22,83.17,17.24,7.07,20.19,-7.16,-17.97,-15.93,-18.33,74.51,38.89,22.95
Victoria CMA,2024,71.18,67.85,22.0,-11.27,-18.42,27.61,8.71,2.37,20.92,81.0,39.81,27.75
Winnipeg CMA,2020,116.67,102.49,26.09,-11.69,-11.95,12.41,-11.2,2.16,7.05,155.34,51.09,34.91
Winnipeg CMA,2021,114.44,97.7,21.61,-1.91,-4.67,-17.17,2.2,-5.66,-8.11,158.76,48.2,32.08
Winnipeg CMA,2022,136.66,116.21,19.34,19.42,18.95,-10.5,20.12,2.68,-2.49,190.7,49.49,31.28
Winnipeg CMA,2023,130.12,104.9,20.49,-4.79,-9.73,5.95,2.77,-2.06,3.74,195.99,48.47,32.45
Winnipeg CMA,2024,125.16,100.9,23.24,-3.81,-3.81,13.42,-3.82,-2.39,3.33,188.5,47.31,33.53
